protocol,chain,pool_name,apy,apy_base,apy_reward,tvl_usd,usdc_liquidity,risk_score,category,min_deposit,oracle_confidence,last_updated,risk_adjusted_apy,tvl_millions,liquidity_millions,risk_category
gmx-v2-perps,arbitrum,AVAX-USDC,96.07234,96.07234,0.0,1362029.0,681014.5,1.0,lp_pool,1.0,0.9,2025-09-27 11:56:28.805092,48.03617,1.362029,0.6810145,High
peapods-finance,ethereum,USDC,91.05051,91.05051,0.0,17478609.0,16604678.549999999,1.0,other,1.0,0.9,2025-09-27 11:56:28.803521,45.525255,17.478609,16.60467855,High
curve-dex,ethereum,USDC-LIUSD-1W,76.09,76.09,0.0,1021750.0,510875.0,1.0,stable_lp,1.0,0.9,2025-09-27 11:56:28.805366,38.045,1.02175,0.510875,High
uniswap-v3,ethereum,LINK-USDC,75.89276,75.89276,0.0,2315659.0,1157829.5,1.0,lp_pool,1.0,0.9,2025-09-27 11:56:28.804671,37.94638,2.315659,1.1578295,High
merkl,ethereum,LVUSDC-USDC,75.19515,0.0,75.19515,12951681.0,6475840.5,1.0,lp_pool,1.0,0.9,2025-09-27 11:56:28.803609,37.597575,12.951681,6.4758405,High
pancakeswap-amm-v3,ethereum,USDC-STG,72.99199,72.99199,0.0,2893677.0,1446838.5,1.0,lp_pool,1.0,0.9,2025-09-27 11:56:28.804502,36.495995,2.893677,1.4468385,High
aerodrome-slipstream,base,WETH-USDC,68.73592,40.76369,27.97222,40253185.0,20126592.5,1.0,lp_pool,1.0,0.9,2025-09-27 11:56:28.803301,34.36796,40.253185,20.1265925,High
pancakeswap-amm-v3,arbitrum,WETH-USDC,68.53535,68.53535,0.0,1349428.0,674714.0,1.0,lp_pool,1.0,0.9,2025-09-27 11:56:28.805109,34.267675,1.349428,0.674714,High
pancakeswap-amm-v3,base,WETH-USDC,68.32281,68.32281,0.0,3078442.0,1539221.0,1.0,lp_pool,1.0,0.9,2025-09-27 11:56:28.804468,34.161405,3.078442,1.539221,High
merkl,ethereum,LVUSDC-USDC,67.22827,0.0,67.22827,32652623.0,16326311.5,1.0,lp_pool,1.0,0.9,2025-09-27 11:56:28.803351,33.614135,32.652623,16.3263115,High
camelot-v3,arbitrum,WETH-USDC,65.65745,65.65745,0.0,2238868.0,1119434.0,1.0,lp_pool,1.0,0.9,2025-09-27 11:56:28.804707,32.828725,2.238868,1.119434,High
notional-v3,ethereum,AURA-GHO-USDT-USDC,65.41222,65.41222,0.0,1353778.0,676889.0,1.0,lp_pool,1.0,0.9,2025-09-27 11:56:28.805100,32.70611,1.353778,0.676889,High
pancakeswap-amm-v3,arbitrum,WETH-USDC,63.67045,63.67045,0.0,1452037.0,726018.5,1.0,lp_pool,1.0,0.9,2025-09-27 11:56:28.805043,31.835225,1.452037,0.7260185,High
maverick-v2,ethereum,USDC-WETH,61.78325,61.78325,0.0,1100631.0,550315.5,1.0,lp_pool,1.0,0.9,2025-09-27 11:56:28.805276,30.891625,1.100631,0.5503155,High
curve-dex,ethereum,IDAI-IUSDC-IUSDT,61.75,61.75,0.0,3358924.0,1679462.0,1.0,stable_lp,1.0,0.9,2025-09-27 11:56:28.804410,30.875,3.358924,1.679462,High
merkl,ethereum,LVUSDC,61.28532,0.0,61.28532,12951681.0,4274054.73,1.0,other,1.0,0.9,2025-09-27 11:56:28.803606,30.64266,12.951681,4.2740547300000005,High
pancakeswap-amm-v3,base,WETH-USDC,57.46473,57.46473,0.0,7895148.0,3947574.0,1.0,lp_pool,1.0,0.9,2025-09-27 11:56:28.803875,28.732365,7.895148,3.947574,High
uniswap-v3,base,VIRTUAL-USDC,55.79621,55.79621,0.0,1145832.0,572916.0,1.0,lp_pool,1.0,0.9,2025-09-27 11:56:28.805242,27.898105,1.145832,0.572916,High
aerodrome-slipstream,base,USDC-AERO,54.45717,24.91521,29.54196,6073441.0,3036720.5,1.0,lp_pool,1.0,0.9,2025-09-27 11:56:28.804028,27.228585,6.073441,3.0367205,High
peapods-finance,ethereum,USDC,51.15332,51.15332,0.0,10854432.0,10311710.4,1.0,other,1.0,0.9,2025-09-27 11:56:28.803688,25.57666,10.854432,10.3117104,High
peapods-finance,arbitrum,USDC,50.17549,50.17549,0.0,3313144.0,3147486.8,1.0,other,1.0,0.9,2025-09-27 11:56:28.804415,25.087745,3.313144,3.1474868,High
uniswap-v3,arbitrum,WETH-USDC,46.72195,46.72195,0.0,86284235.0,43142117.5,0.8720825600000001,lp_pool,1.0,0.9,2025-09-27 11:56:28.803144,24.95720594715652,86.284235,43.1421175,High
pancakeswap-amm-v3,base,USDC-CBBTC,49.79694,49.79694,0.0,2720531.0,1360265.5,1.0,lp_pool,1.0,0.9,2025-09-27 11:56:28.804558,24.89847,2.720531,1.3602655,High
merkl,ethereum,LVUSDC,48.94259,0.0,48.94259,32652623.0,10775365.59,1.0,other,1.0,0.9,2025-09-27 11:56:28.803348,24.471295,32.652623,10.77536559,High
uniswap-v3,base,WETH-USDC,45.58947,45.58947,0.0,14001595.0,7000797.5,1.0,lp_pool,1.0,0.9,2025-09-27 11:56:28.803585,22.794735,14.001595,7.0007975,High
uniswap-v3,base,WETH-USDC,44.38111,44.38111,0.0,25858099.0,12929049.5,1.0,lp_pool,1.0,0.9,2025-09-27 11:56:28.803397,22.190555,25.858099,12.9290495,High
uniswap-v3,arbitrum,WETH-USDC,41.68538,41.68538,0.0,1498522.0,749261.0,1.0,lp_pool,1.0,0.9,2025-09-27 11:56:28.805019,20.84269,1.498522,0.749261,High
morpho-blue,base,LLUSDC,39.47648,39.47648,0.0,4028541.0,1329418.53,1.0,other,1.0,0.9,2025-09-27 11:56:28.804301,19.73824,4.028541,1.32941853,High
uniswap-v3,ethereum,USDC-AEVO,39.32756,39.32756,0.0,2225007.0,1112503.5,1.0,lp_pool,1.0,0.9,2025-09-27 11:56:28.804713,19.66378,2.225007,1.1125035,High
uniswap-v3,arbitrum,WETH-USDC,38.19925,38.19925,0.0,10729314.0,5364657.0,1.0,lp_pool,1.0,0.9,2025-09-27 11:56:28.803696,19.099625,10.729314,5.364657,High
uniswap-v3,base,ZORA-USDC,37.94581,37.94581,0.0,5121452.0,2560726.0,1.0,lp_pool,1.0,0.9,2025-09-27 11:56:28.804149,18.972905,5.121452,2.560726,High
aerodrome-slipstream,base,USDC-CBBTC,37.03593,32.25998,4.77595,15439747.0,7719873.5,1.0,lp_pool,1.0,0.9,2025-09-27 11:56:28.803560,18.517965,15.439747,7.7198735,High
uniswap-v3,ethereum,USDC-WETH,36.83663,36.83663,0.0,5570037.0,2785018.5,1.0,lp_pool,1.0,0.9,2025-09-27 11:56:28.804091,18.418315,5.570037,2.7850185,High
uniswap-v3,arbitrum,ARB-USDC.E,36.29225,36.29225,0.0,2134728.0,1067364.0,1.0,lp_pool,1.0,0.9,2025-09-27 11:56:28.804741,18.146125,2.134728,1.067364,High
fluid-dex,ethereum,USDC-ETH,35.98795,35.98795,0.0,14200290.0,7100145.0,1.0,lp_pool,1.0,0.9,2025-09-27 11:56:28.803576,17.993975,14.20029,7.100145,High
flex-perpetuals,base,ETH-BTC-USDC,35.75392,22.01702,13.7369,1465733.0,732866.5,1.0,lp_pool,1.0,0.9,2025-09-27 11:56:28.805034,17.87696,1.465733,0.7328665,High
uniswap-v3,ethereum,WBTC-USDC,28.69126,28.69126,0.0,130952869.0,65476434.5,0.6369125999999999,lp_pool,1.0,0.9,2025-09-27 11:56:28.803087,17.52766763479003,130.952869,65.4764345,High
fluid-dex,arbitrum,USDC-ETH,34.48651,34.48651,0.0,3726252.0,1863126.0,1.0,lp_pool,1.0,0.9,2025-09-27 11:56:28.804345,17.243255,3.726252,1.863126,High
gmx-v2-perps,arbitrum,GMX-USDC,34.09447,34.09447,0.0,1306826.0,653413.0,1.0,lp_pool,1.0,0.9,2025-09-27 11:56:28.805133,17.047235,1.306826,0.653413,High
uniswap-v3,ethereum,USDC-STG,33.64636,33.64636,0.0,2054691.0,1027345.5,1.0,lp_pool,1.0,0.9,2025-09-27 11:56:28.804767,16.82318,2.054691,1.0273455,High
merkl,arbitrum,USDC-LVUSDC,33.55466,0.0,33.55466,7366693.0,3683346.5,1.0,lp_pool,1.0,0.9,2025-09-27 11:56:28.803922,16.77733,7.366693,3.6833465,High
aerodrome-slipstream,base,EURC-USDC,31.63704,27.9286,3.70844,4125194.0,2062597.0,1.0,lp_pool,1.0,0.9,2025-09-27 11:56:28.804284,15.81852,4.125194,2.062597,High
beefy,arbitrum,WBTC-USDC,30.61601,0.0,0.0,1661070.0,830535.0,1.0,lp_pool,1.0,0.9,2025-09-27 11:56:28.804933,15.308005,1.66107,0.830535,High
gmx-v2-perps,arbitrum,SOL-USDC,30.43686,30.43686,0.0,10575966.0,5287983.0,1.0,lp_pool,1.0,0.9,2025-09-27 11:56:28.803707,15.21843,10.575966,5.287983,High
pendle,ethereum,AIDAUSDC,30.32447,30.32447,0.0,9255682.0,3054375.06,1.0,other,1.0,0.9,2025-09-27 11:56:28.803783,15.162235,9.255682,3.05437506,High
uniswap-v3,ethereum,USDE-USDC,29.73601,29.73601,0.0,3898119.0,1949059.5,1.0,lp_pool,1.0,0.9,2025-09-27 11:56:28.804328,14.868005,3.898119,1.9490595,High
bmx-classic-perps,base,ETH-BTC-YFI-AERO-MOG-USDC-USDBC,29.38064,29.38064,0.0,1575121.0,787560.5,1.0,lp_pool,1.0,0.9,2025-09-27 11:56:28.804978,14.69032,1.575121,0.7875605,High
pendle,ethereum,AIDAUSDC,29.2856,28.74929,0.53631,9255682.0,3054375.06,1.0,other,1.0,0.9,2025-09-27 11:56:28.803780,14.6428,9.255682,3.05437506,High
uniswap-v3,ethereum,WBTC-USDC,28.58398,28.58398,0.0,2750210.0,1375105.0,1.0,lp_pool,1.0,0.9,2025-09-27 11:56:28.804552,14.29199,2.75021,1.375105,High
extra-finance-leverage-farming,base,USDC-AERO,26.21631,26.21631,0.0,36130864.0,18065432.0,0.8676396439999999,lp_pool,1.0,0.9,2025-09-27 11:56:28.803329,14.0371350994946,36.130864,18.065432,High
uniswap-v3,arbitrum,WETH-USDC.E,27.48147,27.48147,0.0,2070121.0,1035060.5,1.0,lp_pool,1.0,0.9,2025-09-27 11:56:28.804761,13.740735,2.070121,1.0350605,High
aerodrome-v1,base,USDC-AERO,23.39396,0.0,23.39396,69798003.0,34899001.5,0.720807988,lp_pool,1.0,0.9,2025-09-27 11:56:28.803170,13.594753257270444,69.798003,34.8990015,High
curve-dex,arbitrum,USDAI-USDC,26.41,26.41,0.0,2885716.0,1442858.0,1.0,stable_lp,1.0,0.9,2025-09-27 11:56:28.804515,13.205,2.885716,1.442858,High
beefy,ethereum,USDF-USDC,24.32232,0.0,0.0,5230213.0,2615106.5,0.9790791480000001,lp_pool,1.0,0.9,2025-09-27 11:56:28.804126,12.289715661235395,5.230213,2.6151065,High
convex-finance,ethereum,USDC-USDF,23.51055,9.45,14.06055,18317179.0,9158589.5,0.9267312839999999,lp_pool,1.0,0.9,2025-09-27 11:56:28.803500,12.202298366791869,18.317179,9.1585895,High
uniswap-v2,base,WETH-USDC,23.58522,23.58522,0.0,9059063.0,4529531.5,0.963763748,lp_pool,1.0,0.9,2025-09-27 11:56:28.803793,12.010212544161906,9.059063,4.5295315,High
wildcat-protocol,ethereum,LILENGHYUSDC,23.8,23.8,0.0,1848999.0,610169.67,0.9926040039999999,other,1.0,0.9,2025-09-27 11:56:28.804854,11.94416951497805,1.848999,0.61016967,High
beefy,base,USDC-AERO,23.59249,0.0,0.0,1268513.0,634256.5,0.994925948,lp_pool,1.0,0.9,2025-09-27 11:56:28.805153,11.826248499926775,1.268513,0.6342565,High
uniswap-v3,base,USDC-CBBTC,21.61469,21.61469,0.0,8192074.0,4096037.0,0.967231704,lp_pool,1.0,0.9,2025-09-27 11:56:28.803851,10.987363591208165,8.192074,4.096037,High
gmx-v2-perps,arbitrum,ETH-USDC,21.13857,21.13857,0.0,3942261.0,1971130.5,0.984230956,lp_pool,1.0,0.9,2025-09-27 11:56:28.804322,10.653281028642516,3.942261,1.9711305,High
stream-finance,ethereum,USDC,16.33,16.33,0.0,158721181.0,150785121.95,0.6,other,1.0,0.9,2025-09-27 11:56:28.803064,10.206249999999999,158.721181,150.78512195,High
harvest-finance,arbitrum,USDC,20.21,20.21,0.0,1808095.0,1717690.25,0.99276762,other,1.0,0.9,2025-09-27 11:56:28.804869,10.14167422090088,1.808095,1.71769025,High
beefy,arbitrum,USDC,20.14905,0.0,0.0,1001116.0,951060.2,0.995995536,other,1.0,0.9,2025-09-27 11:56:28.805407,10.094737005463923,1.001116,0.9510601999999999,High
ipor-fusion,ethereum,USDC,19.38407,19.38407,0.0,1692011.0,1607410.45,0.993231956,other,1.0,0.9,2025-09-27 11:56:28.804908,9.724944425885976,1.692011,1.60741045,High
avantis,base,USDC,18.73113,18.73113,0.0,16564446.0,15736223.7,0.933742216,other,1.0,0.9,2025-09-27 11:56:28.803540,9.686466916332762,16.564446,15.7362237,High
wildcat-protocol,ethereum,HALALUSDC,18.5,18.5,0.0,4998415.0,1649476.9500000002,0.98000634,other,1.0,0.9,2025-09-27 11:56:28.804166,9.343404425664616,4.998415,1.6494769500000002,High
uniswap-v3,base,DEFI.SSI-USDC,18.06937,18.06937,0.0,1513585.0,756792.5,0.9939456600000001,lp_pool,1.0,0.9,2025-09-27 11:56:28.805010,9.062117570445725,1.513585,0.7567925,High
uniswap-v3,ethereum,USDC-WETH,15.65615,15.65615,0.0,65781978.0,32890989.0,0.7368720879999999,lp_pool,1.0,0.9,2025-09-27 11:56:28.803183,9.013991363076128,65.781978,32.890989,High
uniswap-v3,ethereum,USDC-WETH,14.99728,14.99728,0.0,75659627.0,37829813.5,0.697361492,lp_pool,1.0,0.9,2025-09-27 11:56:28.803157,8.835642890854508,75.659627,37.8298135,High
euler-v2,ethereum,USDC,17.52567,7.05129,10.47438,2766117.0,2627811.15,0.988935532,other,1.0,0.9,2025-09-27 11:56:28.804548,8.811582737614847,2.766117,2.62781115,High
40-acres,base,40BASE-USDC-VAULT,17.06891,17.06891,0.0,8140563.0,4070281.5,0.967437748,lp_pool,1.0,0.9,2025-09-27 11:56:28.803854,8.675705250319309,8.140563,4.0702815,High
avantis,base,USDC,16.89175,16.89175,0.0,10453720.0,9931034.0,0.95818512,other,1.0,0.9,2025-09-27 11:56:28.803712,8.626227330335345,10.45372,9.931034,High
curve-dex,ethereum,USDC-USDF,14.85498,9.45,5.40498,51552430.0,25776215.0,0.79379028,stable_lp,1.0,0.9,2025-09-27 11:56:28.803254,8.28133598761612,51.55243,25.776215,High
uniswap-v3,base,USDC-MAG7.SSI,16.09048,16.09048,0.0,6081095.0,3040547.5,0.9756756200000001,lp_pool,1.0,0.9,2025-09-27 11:56:28.804025,8.14429243197322,6.081095,3.0405475,High
wildcat-protocol,ethereum,HYPERWILDCATUSDC,16.0,16.0,0.0,7023407.0,2317724.31,0.9719063720000001,other,1.0,0.9,2025-09-27 11:56:28.803943,8.113975504715292,7.023407,2.31772431,High
wildcat-protocol,ethereum,KAI2USDC,16.0,16.0,0.0,6605886.0,2179942.38,0.973576456,other,1.0,0.9,2025-09-27 11:56:28.803989,8.10710927937823,6.605886,2.17994238,High
deltaprime,arbitrum,USDC,16.07623,16.07623,0.0,1252135.0,1189528.25,0.99499146,other,1.0,0.9,2025-09-27 11:56:28.805160,8.058295146787245,1.252135,1.18952825,High
superfund,base,USDC,15.9242,15.4242,0.5,2126464.0,2020140.7999999998,0.991494144,other,1.0,0.9,2025-09-27 11:56:28.804747,7.996106866784741,2.126464,2.0201407999999996,High
morpho-blue,base,HYCSUSDC,15.82777,11.81517,4.0126,3306661.0,1091198.1300000001,0.986773356,other,1.0,0.9,2025-09-27 11:56:28.804419,7.966570495925253,3.306661,1.0911981300000002,High
beefy,arbitrum,WAARBUSDCN-WAARBUSDT-WAARBGHO,15.64089,0.0,0.0,4966182.0,2483091.0,0.9801352720000001,lp_pool,1.0,0.9,2025-09-27 11:56:28.804180,7.898899747491595,4.966182,2.483091,High
harvest-finance,base,USDC,15.56,15.56,0.0,2622911.0,2491765.4499999997,0.989508356,other,1.0,0.9,2025-09-27 11:56:28.804588,7.821027719272369,2.622911,2.49176545,High
gmx-v2-perps,arbitrum,LINK-USDC,15.24623,15.24623,0.0,12549968.0,6274984.0,0.949800128,lp_pool,1.0,0.9,2025-09-27 11:56:28.803631,7.819380961698244,12.549968,6.274984,High
wildcat-protocol,ethereum,HYPERPRIVATEUSDC,15.0,15.0,0.0,13924756.0,4595169.48,0.9443009760000001,other,1.0,0.9,2025-09-27 11:56:28.803589,7.714854945379608,13.924756,4.59516948,High
yearn-finance,ethereum,USDC-USDF,15.22497,15.22497,0.0,2531184.0,1265592.0,0.9898752639999999,lp_pool,1.0,0.9,2025-09-27 11:56:28.804608,7.651218282594824,2.531184,1.265592,High
wildcat-protocol,ethereum,HYPERWILDCATFASTUSDC,15.0,15.0,0.0,8966034.0,2958791.22,0.964135864,other,1.0,0.9,2025-09-27 11:56:28.803810,7.636946239275024,8.966034,2.95879122,High
wildcat-protocol,ethereum,AUROSUSDC,15.0,15.0,0.0,4860743.0,1604045.1900000002,0.980557028,other,1.0,0.9,2025-09-27 11:56:28.804189,7.573626907954907,4.860743,1.6040451900000001,High
wildcat-protocol,ethereum,LILENGUSDC,15.0,15.0,0.0,2263505.0,746956.65,0.99094598,other,1.0,0.9,2025-09-27 11:56:28.804698,7.534106977628795,2.263505,0.74695665,High
sandclock,ethereum,USDC,15.0,0.0,15.0,1086915.0,1032569.25,0.99565234,other,1.0,0.9,2025-09-27 11:56:28.805309,7.516339243738216,1.086915,1.03256925,High
tokemak,base,USDC,14.17288,9.344,4.82888,26864639.0,25521407.049999997,0.892541444,other,1.0,0.9,2025-09-27 11:56:28.803391,7.488808260940784,26.864639,25.521407049999997,High
stake-dao,ethereum,USDC-USDF,14.67714,3.51,11.16714,8720304.0,4360152.0,0.965118784,lp_pool,1.0,0.9,2025-09-27 11:56:28.803827,7.468830952867224,8.720304,4.360152,High
gmx-v2-perps,arbitrum,ETH-USDC,11.84132,11.84132,0.0,101265680.0,50632840.0,0.6,lp_pool,1.0,0.9,2025-09-27 11:56:28.803122,7.400824999999999,101.26568,50.63284,High
wildcat-protocol,ethereum,USDCUSDC,14.5,14.5,0.0,4998415.0,1649476.9500000002,0.98000634,other,1.0,0.9,2025-09-27 11:56:28.804163,7.3232088741695645,4.998415,1.6494769500000002,High
wildcat-protocol,ethereum,MININGSTOREUSDC,14.5,14.5,0.0,4987959.0,1646026.47,0.980048164,other,1.0,0.9,2025-09-27 11:56:28.804170,7.323054188089942,4.987959,1.64602647,High
convex-finance,ethereum,DEUSD-USDC,14.41941,0.07,14.34941,1391123.0,695561.5,0.994435508,lp_pool,1.0,0.9,2025-09-27 11:56:28.805071,7.229820138160115,1.391123,0.6955615,High
morpho-blue,base,COUSDC,14.26533,10.96739,3.29794,4795964.0,1582668.12,0.9808161440000001,other,1.0,0.9,2025-09-27 11:56:28.804206,7.201743606144599,4.795964,1.5826681200000001,High
tokemak,ethereum,USDC,13.5047,6.52058,6.98412,8716477.0,8280653.149999999,0.965134092,other,1.0,0.9,2025-09-27 11:56:28.803830,6.872151908094829,8.716477,8.28065315,High
upshift,ethereum,XUPUSDC,13.15,13.15,0.0,15208140.0,5018686.2,0.93916744,other,1.0,0.9,2025-09-27 11:56:28.803565,6.781260724963493,15.20814,5.0186862,High
harvest-finance,arbitrum,USDC,13.52,13.52,0.0,1351866.0,1284272.7,0.994592536,other,1.0,0.9,2025-09-27 11:56:28.805105,6.77832677901889,1.351866,1.2842727,High
gammaswap,base,WETH-USDC,13.41055,13.41055,0.0,3987260.0,1993630.0,0.98405096,lp_pool,1.0,0.9,2025-09-27 11:56:28.804318,6.759176185676199,3.98726,1.99363,High
curve-dex,ethereum,USDC-RLUSD,12.15299,2.06,10.09299,49653961.0,24826980.5,0.801384156,stable_lp,1.0,0.9,2025-09-27 11:56:28.803262,6.746473238104799,49.653961,24.8269805,High
moonwell-lending,base,USDC,13.27986,11.76737,1.5125,5469843.0,5196350.85,0.978120628,lending,1.0,0.9,2025-09-27 11:56:28.804096,6.71337218369071,5.469843,5.19635085,High
wasabi,base,USDC,13.24555,13.24555,0.0,6666644.0,6333311.8,0.973333424,other,1.0,0.9,2025-09-27 11:56:28.803983,6.7122716510577884,6.666644,6.3333118,High
wildcat-protocol,ethereum,ELKUSDC,13.14,13.14,0.0,9996830.0,3298953.9000000004,0.96001268,other,1.0,0.9,2025-09-27 11:56:28.803751,6.704038261630022,9.99683,3.2989539000000003,High
gmx-v2-perps,arbitrum,WBTC.B-USDC,13.29805,13.29805,0.0,2455185.0,1227592.5,0.99017926,lp_pool,1.0,0.9,2025-09-27 11:56:28.804622,6.681835283521143,2.455185,1.2275925,High
beefy,ethereum,FXUSD-USDC,13.2788,0.0,0.0,2147824.0,1073912.0,0.9914087039999999,lp_pool,1.0,0.9,2025-09-27 11:56:28.804736,6.668043568016865,2.147824,1.073912,High
uniswap-v3,ethereum,USDC-SEI,12.8785,12.8785,0.0,7249435.0,3624717.5,0.97100226,lp_pool,1.0,0.9,2025-09-27 11:56:28.803930,6.533985404968536,7.249435,3.6247175,High
wildcat-protocol,ethereum,SLNUSDC,13.0,13.0,0.0,2524632.0,833128.56,0.989901472,other,1.0,0.9,2025-09-27 11:56:28.804612,6.532986774935156,2.524632,0.83312856,High
gains-network,base,USDC,12.40793,12.40793,0.0,1373015.0,1304364.25,0.99450794,other,1.0,0.9,2025-09-27 11:56:28.805080,6.2210481849473105,1.373015,1.30436425,High
gmx-v2-perps,arbitrum,WBTC.B-USDC,12.29953,12.29953,0.0,4536758.0,2268379.0,0.981852968,lp_pool,1.0,0.9,2025-09-27 11:56:28.804237,6.206075929241185,4.536758,2.268379,High
aerodrome-slipstream,base,MSUSD-USDC,12.22601,7.98068,4.24533,5734729.0,2867364.5,0.977061084,lp_pool,1.0,0.9,2025-09-27 11:56:28.804070,6.183931340788052,5.734729,2.8673645,High
yo-protocol,base,USDC,11.50936,11.50936,0.0,24891833.0,23647241.349999998,0.900432668,other,1.0,0.9,2025-09-27 11:56:28.803412,6.056178781704672,24.891833,23.647241349999998,High
gmx-v2-perps,arbitrum,ETH-USDC,12.04396,12.04396,0.0,1172818.0,586409.0,0.9953087279999999,lp_pool,1.0,0.9,2025-09-27 11:56:28.805217,6.036138583963535,1.172818,0.586409,High
wildcat-protocol,ethereum,KEYUSDC,12.0,12.0,0.0,2988828.0,986313.24,0.988044688,other,1.0,0.9,2025-09-27 11:56:28.804484,6.03608161950935,2.988828,0.98631324,High
mim-swap,arbitrum,MIM-USDC,11.75719,0.0,11.75719,7874388.0,3937194.0,0.968502448,lp_pool,1.0,0.9,2025-09-27 11:56:28.803878,5.972657037813346,7.874388,3.937194,High
tokemak,ethereum,USDC,11.5876,9.3075,2.2801,13003868.0,12353674.6,0.947984528,other,1.0,0.9,2025-09-27 11:56:28.803602,5.94850720498125,13.003868,12.3536746,High
abracadabra-spell,arbitrum,ETH-USDC,11.82741,11.82741,0.0,1861442.0,930721.0,0.992554232,lp_pool,1.0,0.9,2025-09-27 11:56:28.804850,5.935803307159371,1.861442,0.930721,High
beefy,base,WABASGHO-WABASUSDC,11.78538,0.0,0.0,2443027.0,1221513.5,0.990227892,lp_pool,1.0,0.9,2025-09-27 11:56:28.804626,5.921623371561109,2.443027,1.2215135,High
merkl,ethereum,USDC,11.81714,0.0,11.81714,1059937.0,1006940.1499999999,0.995760252,other,1.0,0.9,2025-09-27 11:56:28.805338,5.921122032647838,1.059937,1.00694015,High
uniswap-v3,ethereum,USDC-WLFI,11.61921,11.61921,0.0,4294195.0,2147097.5,0.98282322,lp_pool,1.0,0.9,2025-09-27 11:56:28.804270,5.859932384693377,4.294195,2.1470975,High
uniswap-v3,ethereum,RLUSD-USDC,11.63625,11.63625,0.0,2034146.0,1017073.0,0.9918634159999999,lp_pool,1.0,0.9,2025-09-27 11:56:28.804780,5.841891520537873,2.034146,1.017073,High
beefy,ethereum,WAETHUSDT-WAETHLIDOGHO-WAETHUSDC,11.43469,0.0,0.0,6401530.0,3200765.0,0.97439388,lp_pool,1.0,0.9,2025-09-27 11:56:28.804003,5.7914938431636545,6.40153,3.200765,High
aerodrome-slipstream,base,USDC-USDT,11.52688,6.99472,4.53216,2400394.0,1200197.0,0.990398424,lp_pool,1.0,0.9,2025-09-27 11:56:28.804643,5.791242527631745,2.400394,1.200197,High
curve-dex,ethereum,USDE-USDC,11.43,11.43,0.0,5184197.0,2592098.5,0.979263212,stable_lp,1.0,0.9,2025-09-27 11:56:28.804131,5.774876191656312,5.184197,2.5920985,High
morpho-blue,ethereum,HYPERUSDC,9.2034,9.2034,0.0,104679485.0,34544230.050000004,0.6,other,1.0,0.9,2025-09-27 11:56:28.803113,5.7521249999999995,104.679485,34.54423005,High
euler-v2,ethereum,USDC,11.44643,1.1289,10.31753,1463767.0,1390578.65,0.994144932,other,1.0,0.9,2025-09-27 11:56:28.805038,5.740019101079058,1.463767,1.39057865,High
maverick-v2,ethereum,USDC-USDT,11.42443,11.42443,0.0,2126980.0,1063490.0,0.99149208,lp_pool,1.0,0.9,2025-09-27 11:56:28.804744,5.736618344974788,2.12698,1.06349,High
maple,ethereum,USDC,9.17474,6.97474,2.2,2660547995.0,2527520595.25,0.6,other,1.0,0.9,2025-09-27 11:56:28.801882,5.7342125,2660.547995,2527.52059525,High
wildcat-protocol,ethereum,AMBERUSDC,11.0,11.0,0.0,19992637.0,6597570.21,0.920029452,other,1.0,0.9,2025-09-27 11:56:28.803471,5.729078784985221,19.992637,6.59757021,High
wildcat-protocol,ethereum,WMTUSDC,10.5,10.5,0.0,39911240.0,13170709.200000001,0.8403550399999999,other,1.0,0.9,2025-09-27 11:56:28.803313,5.705420840969904,39.91124,13.170709200000001,High
extra-finance-leverage-farming,base,MSUSD-USDC,11.30423,11.30423,0.0,1435649.0,717824.5,0.9942574040000001,lp_pool,1.0,0.9,2025-09-27 11:56:28.805050,5.66839063870413,1.435649,0.7178245,High
gmx-v2-perps,arbitrum,WBTC.B-USDC,11.24974,11.24974,0.0,3663925.0,1831962.5,0.9853443,lp_pool,1.0,0.9,2025-09-27 11:56:28.804356,5.6663924740912694,3.663925,1.8319625,High
morpho-blue,base,UUSDC,11.28152,7.54408,3.73744,1556788.0,513740.04000000004,0.993772848,other,1.0,0.9,2025-09-27 11:56:28.804992,5.658377789283647,1.556788,0.5137400400000001,High
morpho-blue,ethereum,HYUSDC,11.15652,8.25399,2.90253,4431399.0,1462361.6700000002,0.982274404,other,1.0,0.9,2025-09-27 11:56:28.804246,5.628141077485254,4.431399,1.4623616700000002,High
beefy,arbitrum,MIM-USDC,11.09034,0.0,0.0,5379794.0,2689897.0,0.978480824,lp_pool,1.0,0.9,2025-09-27 11:56:28.804110,5.605482684223377,5.379794,2.689897,High
extra-finance-leverage-farming,base,USDC,11.03705,10.75286,0.28419,6720742.0,6384704.899999999,0.973117032,other,1.0,0.9,2025-09-27 11:56:28.803979,5.593712801116807,6.720742,6.384704899999999,High
gmx-v2-perps,arbitrum,ETH-USDC,11.05016,11.05016,0.0,3025288.0,1512644.0,0.9878988479999999,lp_pool,1.0,0.9,2025-09-27 11:56:28.804479,5.558713417997816,3.025288,1.512644,High
harmonix-finance,arbitrum,USDC,10.98122,10.98122,0.0,4391596.0,4172016.1999999997,0.982433616,other,1.0,0.9,2025-09-27 11:56:28.804254,5.539262405243637,4.391596,4.1720162,High
fractal-protocol,ethereum,USDC,11.0,0.0,0.0,3401764.0,3231675.8,0.986392944,other,1.0,0.9,2025-09-27 11:56:28.804400,5.537675731896881,3.401764,3.2316757999999997,High
aerodrome-v1,base,MSUSD-USDC,10.7529,0.0,10.7529,10895310.0,5447655.0,0.95641876,lp_pool,1.0,0.9,2025-09-27 11:56:28.803684,5.49621595327577,10.89531,5.447655,High
balancer-v3,base,SUSDX-USDX-WABASUSDC,10.91074,0.76836,10.14239,1532064.0,766032.0,0.993871744,lp_pool,1.0,0.9,2025-09-27 11:56:28.805005,5.472137329210279,1.532064,0.766032,High
pendle,ethereum,SUPERUSDC,10.82912,10.82912,0.0,2374906.0,783718.98,0.990500376,other,1.0,0.9,2025-09-27 11:56:28.804651,5.440400881391243,2.374906,0.78371898,High
uniswap-v3,ethereum,USDC-CBBTC,10.82107,10.82107,0.0,2248196.0,1124098.0,0.9910072160000001,lp_pool,1.0,0.9,2025-09-27 11:56:28.804703,5.434972768074589,2.248196,1.124098,High
morpho-blue,ethereum,CSUSDC,10.72369,10.59033,0.13336,6051971.0,1997150.4300000002,0.975792116,other,1.0,0.9,2025-09-27 11:56:28.804032,5.4275396248215415,6.051971,1.9971504300000003,High
gmx-v2-perps,arbitrum,ETH-USDC,10.59386,10.59386,0.0,2720196.0,1360098.0,0.989119216,lp_pool,1.0,0.9,2025-09-27 11:56:28.804561,5.325905011014684,2.720196,1.360098,High
morpho-blue,ethereum,AUSDC,10.2187,10.2187,0.0,19837453.0,6546359.49,0.920650188,other,1.0,0.9,2025-09-27 11:56:28.803475,5.32043787246905,19.837453,6.54635949,High
fluid-lending,arbitrum,USDC,9.63,4.12,5.51,47170444.0,44811921.8,0.811318224,other,1.0,0.9,2025-09-27 11:56:28.803268,5.316569928134285,47.170444,44.8119218,High
ipor-fusion,arbitrum,USDC,10.49849,10.49849,0.0,1351904.0,1284308.8,0.9945923839999999,other,1.0,0.9,2025-09-27 11:56:28.805103,5.263476429678376,1.351904,1.2843088,High
uniswap-v2,ethereum,RAD-USDC,10.39728,10.39728,0.0,2940151.0,1470075.5,0.988239396,lp_pool,1.0,0.9,2025-09-27 11:56:28.804496,5.229390394797307,2.940151,1.4700755,High
goldfinch,ethereum,USDC,9.55104,9.55104,0.0,42688980.0,40554531.0,0.82924408,other,1.0,0.9,2025-09-27 11:56:28.803292,5.221304310576203,42.68898,40.554531,High
morpho-blue,ethereum,ADPUSDC,10.30355,10.30355,0.0,2311299.0,762728.67,0.990754804,other,1.0,0.9,2025-09-27 11:56:28.804675,5.175700181306707,2.311299,0.76272867,High
upshift,ethereum,COREUSDC,10.0,10.0,0.0,14126669.0,4661800.7700000005,0.943493324,other,1.0,0.9,2025-09-27 11:56:28.803581,5.145373990489715,14.126669,4.66180077,High
beefy,base,MSUSD-USDC,10.22594,0.0,0.0,1845812.0,922906.0,0.992616752,lp_pool,1.0,0.9,2025-09-27 11:56:28.804857,5.131915100952639,1.845812,0.922906,High
fx-protocol,ethereum,USDC-FXUSD,9.78,0.0,0.0,17872680.0,8936340.0,0.92850928,lp_pool,1.0,0.9,2025-09-27 11:56:28.803505,5.0712745338720895,17.87268,8.93634,High
harvest-finance,base,USDC,10.07,10.07,0.0,2954258.0,2806545.1,0.988182968,other,1.0,0.9,2025-09-27 11:56:28.804493,5.06492619747661,2.954258,2.8065451,High
aerodrome-v1,base,USDC-MAI,10.01952,0.0,10.01952,4839023.0,2419511.5,0.980643908,lp_pool,1.0,0.9,2025-09-27 11:56:28.804196,5.058718510445139,4.839023,2.4195115,High
euler-v2,ethereum,USDC,10.0505,4.49105,5.55945,1286782.0,1222442.9,0.994852872,other,1.0,0.9,2025-09-27 11:56:28.805142,5.038216171763869,1.286782,1.2224428999999999,High
convex-finance,ethereum,USDC-RLUSD,9.85892,2.06,7.79892,10752992.0,5376496.0,0.9569880319999999,lp_pool,1.0,0.9,2025-09-27 11:56:28.803692,5.037802908750747,10.752992,5.376496,High
balancer-v3,arbitrum,XUSD-USDC,9.87953,9.87953,0.0,3627534.0,1813767.0,0.985489864,lp_pool,1.0,0.9,2025-09-27 11:56:28.804364,4.97586524067997,3.627534,1.813767,High
harvest-finance,base,USDC,9.92,9.92,0.0,1077073.0,1023219.35,0.9956917080000001,other,1.0,0.9,2025-09-27 11:56:28.805322,4.970707629958244,1.077073,1.02321935,High
pendle,ethereum,SUPERUSDC,9.74411,8.72843,1.01569,2374906.0,783718.98,0.990500376,other,1.0,0.9,2025-09-27 11:56:28.804654,4.8953067869201945,2.374906,0.78371898,High
upshift,ethereum,UPUSDC,9.09,9.09,0.0,30387591.0,10027905.030000001,0.878449636,other,1.0,0.9,2025-09-27 11:56:28.803369,4.8390970009482865,30.387591,10.027905030000001,High
gmx-v2-perps,arbitrum,ETH-USDC,9.53454,9.53454,0.0,5137774.0,2568887.0,0.9794489040000001,lp_pool,1.0,0.9,2025-09-27 11:56:28.804140,4.816764898923604,5.137774,2.568887,High
beefy,base,USDC-MAI,9.50697,0.0,0.0,2193740.0,1096870.0,0.99122504,lp_pool,1.0,0.9,2025-09-27 11:56:28.804722,4.774432728105911,2.19374,1.09687,High
morpho-blue,ethereum,9SUSDC11CORE,9.30607,9.30607,0.0,11967894.0,3949405.02,0.952128424,other,1.0,0.9,2025-09-27 11:56:28.803649,4.76714025859602,11.967894,3.94940502,High
morpho-blue,ethereum,USUALUSDC+,7.56384,7.56384,0.0,295409827.0,97485242.91000001,0.6,other,1.0,0.9,2025-09-27 11:56:28.803032,4.727399999999999,295.409827,97.48524291000001,High
uniswap-v3,ethereum,PAXG-USDC,9.33708,9.33708,0.0,5467282.0,2733641.0,0.9781308719999999,lp_pool,1.0,0.9,2025-09-27 11:56:28.804099,4.720152813023789,5.467282,2.733641,High
fluid-lending,ethereum,USDC,7.54,5.03,2.51,294876629.0,280132797.55,0.6,other,1.0,0.9,2025-09-27 11:56:28.803039,4.7124999999999995,294.876629,280.13279755,High
ipor-fusion,base,USDC,9.26739,9.26739,0.0,2954657.0,2806924.15,0.988181372,other,1.0,0.9,2025-09-27 11:56:28.804490,4.661239729189053,2.954657,2.80692415,High
morpho-blue,ethereum,GTUSDCF,8.23507,8.12355,0.11151,58067470.0,19162265.1,0.76773012,other,1.0,0.9,2025-09-27 11:56:28.803211,4.658556137517191,58.06747,19.162265100000003,High
uniswap-v3,arbitrum,USDC-USDT,9.24378,9.24378,0.0,2848194.0,1424097.0,0.988607224,lp_pool,1.0,0.9,2025-09-27 11:56:28.804525,4.648368912894988,2.848194,1.424097,High
morpho-blue,ethereum,OEVUSDC,9.05722,5.33656,3.72066,12751505.0,4207996.65,0.94899398,other,1.0,0.9,2025-09-27 11:56:28.803617,4.647125693020355,12.751505,4.20799665,High
gmx-v2-perps,arbitrum,ARB-USDC,9.21344,9.21344,0.0,1575324.0,787662.0,0.993698704,lp_pool,1.0,0.9,2025-09-27 11:56:28.804974,4.621280026673479,1.575324,0.787662,High
aerodrome-v1,base,WETH-USDC,8.8068,1.07069,7.73611,21159569.0,10579784.5,0.915361724,lp_pool,1.0,0.9,2025-09-27 11:56:28.803441,4.5979826628299065,21.159569,10.5797845,High
merkl,ethereum,EUSD-GTEUSDC,9.00661,0.0,9.00661,7862002.0,3931001.0,0.968551992,lp_pool,1.0,0.9,2025-09-27 11:56:28.803886,4.575246189382841,7.862002,3.931001,High
pendle,arbitrum,GUSDC,9.08181,9.08181,0.0,3273578.0,1080280.74,0.986905688,other,1.0,0.9,2025-09-27 11:56:28.804431,4.570830943234987,3.273578,1.08028074,High
beefy,ethereum,MIM-DAI-USDC-USDT,8.93888,0.0,0.0,8092496.0,4046248.0,0.967630016,lp_pool,1.0,0.9,2025-09-27 11:56:28.803867,4.5429678991032425,8.092496,4.046248,High
morpho-blue,ethereum,REUSDC,8.32137,7.80368,0.51769,40158455.0,13252290.15,0.83936618,other,1.0,0.9,2025-09-27 11:56:28.803305,4.524042080625838,40.158455,13.25229015,High
stake-dao,ethereum,USDC-CRVUSD,8.90712,0.9,8.00712,3702401.0,1851200.5,0.985190396,lp_pool,1.0,0.9,2025-09-27 11:56:28.804351,4.486783745250397,3.702401,1.8512005,High
woofi-earn,arbitrum,USDC,8.9293,8.9293,0.0,1318258.0,1252345.0999999999,0.9947269679999999,other,1.0,0.9,2025-09-27 11:56:28.805124,4.476452237948587,1.318258,1.2523450999999999,High
pendle,ethereum,SYRUPUSDC,8.78405,8.78405,0.0,7502186.0,2475721.38,0.969991256,other,1.0,0.9,2025-09-27 11:56:28.803908,4.45892842074625,7.502186,2.47572138,High
multipli.fi,ethereum,XUSDC,8.11,0.0,0.0,39735601.0,13112748.33,0.841057596,other,1.0,0.9,2025-09-27 11:56:28.803319,4.405076743726164,39.735601,13.11274833,High
pendle,ethereum,MORPHO-PTUSDC,8.7624,8.7624,0.0,1796465.0,898232.5,0.99281414,lp_pool,1.0,0.9,2025-09-27 11:56:28.804877,4.396998106406451,1.796465,0.8982325,High
morpho-blue,ethereum,BBQUSDC,7.00028,6.48259,0.51769,179138455.0,59115690.150000006,0.6,other,1.0,0.9,2025-09-27 11:56:28.803054,4.375175,179.138455,59.115690150000006,High
pendle,ethereum,MORPHO-PTUSDC,8.55491,8.52534,0.02958,1796465.0,898232.5,0.99281414,lp_pool,1.0,0.9,2025-09-27 11:56:28.804874,4.292879013795034,1.796465,0.8982325,High
morpho-blue,ethereum,ELLENUSDC,8.43921,8.43921,0.0,2294339.0,757131.87,0.990822644,other,1.0,0.9,2025-09-27 11:56:28.804688,4.2390566660643225,2.294339,0.75713187,High
morpho-blue,base,SPARKUSDC,6.76738,6.76738,0.0,722333674.0,238370112.42000002,0.6,other,1.0,0.9,2025-09-27 11:56:28.803003,4.2296125,722.333674,238.37011242000003,High
fluid-lending,base,USDC,7.96,4.21,3.75,21961575.0,20863496.25,0.9121537,other,1.0,0.9,2025-09-27 11:56:28.803435,4.162845277552741,21.961575,20.86349625,High
harvest-finance,base,USDC,8.29,8.29,0.0,1980714.0,1881678.2999999998,0.992077144,other,1.0,0.9,2025-09-27 11:56:28.804814,4.161485424883725,1.980714,1.8816783,High
yearn-finance,ethereum,USDC,7.97561,7.97561,0.0,19159955.0,18201957.25,0.92336018,other,1.0,0.9,2025-09-27 11:56:28.803487,4.1467064166837435,19.159955,18.20195725,High
aerodrome-v1,base,USDC-CBBTC,8.27488,0.0,8.27488,1099798.0,549899.0,0.9956008080000001,lp_pool,1.0,0.9,2025-09-27 11:56:28.805283,4.146560758458061,1.099798,0.549899,High
morpho-blue,base,MWUSDC,7.28635,6.76738,0.51898,59081557.0,19496913.810000002,0.763673772,other,1.0,0.9,2025-09-27 11:56:28.803201,4.13134793728735,59.081557,19.496913810000002,High
morpho-blue,base,GTUSDCF,8.16776,7.46533,0.70244,2576332.0,850189.56,0.9896946719999999,other,1.0,0.9,2025-09-27 11:56:28.804594,4.10503184983148,2.576332,0.85018956,High
gmx-v2-perps,arbitrum,AAVE-USDC,8.17535,8.17535,0.0,1794775.0,897387.5,0.9928209,lp_pool,1.0,0.9,2025-09-27 11:56:28.804880,4.102400772693622,1.794775,0.8973875,High
ipor-fusion,ethereum,USDC,8.18593,8.18593,0.0,1013751.0,963063.45,0.995944996,other,1.0,0.9,2025-09-27 11:56:28.805384,4.101280354120541,1.013751,0.9630634499999999,High
morpho-blue,base,SMUSDC,7.24047,6.76074,0.47973,58010596.0,19143496.68,0.767957616,other,1.0,0.9,2025-09-27 11:56:28.803218,4.095386639630846,58.010596,19.14349668,High
pendle,ethereum,SYRUPUSDC,8.03558,7.64126,0.39433,7502186.0,2475721.38,0.969991256,other,1.0,0.9,2025-09-27 11:56:28.803905,4.078992724219482,7.502186,2.47572138,High
convex-finance,ethereum,STG-USDC,8.08917,7.95,0.13917,2424990.0,1212495.0,0.9903000399999999,lp_pool,1.0,0.9,2025-09-27 11:56:28.804632,4.064296757990317,2.42499,1.212495,High
curve-dex,ethereum,YUSD-SYRUPUSDC,7.94,7.94,0.0,9252430.0,4626215.0,0.96299028,stable_lp,1.0,0.9,2025-09-27 11:56:28.803786,4.044849371337692,9.25243,4.626215,High
dolomite,arbitrum,USDC,8.02482,8.02482,0.0,2692659.0,2558026.05,0.989229364,other,1.0,0.9,2025-09-27 11:56:28.804572,4.034135100370457,2.692659,2.5580260499999996,High
curve-dex,ethereum,STG-USDC,7.95222,7.95,0.00222,6235955.0,3117977.5,0.9750561799999999,stable_lp,1.0,0.9,2025-09-27 11:56:28.804009,4.026325975193273,6.235955,3.1179775,High
morpho-blue,ethereum,FXUSDC,7.96995,7.85456,0.11538,2817494.0,929773.02,0.988730024,other,1.0,0.9,2025-09-27 11:56:28.804535,4.007557538639543,2.817494,0.9297730200000001,High
convex-finance,ethereum,EUSD-USDC,7.83525,0.38,7.45525,7721080.0,3860540.0,0.96911568,lp_pool,1.0,0.9,2025-09-27 11:56:28.803895,3.9790704424231693,7.72108,3.86054,High
morpho-blue,base,STEAKUSDC,6.76744,6.76744,0.0,73392293.0,24219456.69,0.706430828,other,1.0,0.9,2025-09-27 11:56:28.803162,3.9658449020940916,73.392293,24.21945669,High
convex-finance,ethereum,USDC-CRVUSD,7.72723,0.98,6.74723,9301784.0,4650892.0,0.962792864,lp_pool,1.0,0.9,2025-09-27 11:56:28.803777,3.936854541162628,9.301784,4.650892,High
uniswap-v3,ethereum,EUROC-USDC,7.76545,7.76545,0.0,4554587.0,2277293.5,0.981781652,lp_pool,1.0,0.9,2025-09-27 11:56:28.804233,3.918418556435399,4.554587,2.2772935,High
morpho-blue,base,EXMUSDC,7.6749,6.76868,0.90622,6891381.0,2274155.73,0.972434476,other,1.0,0.9,2025-09-27 11:56:28.803955,3.8910798271810374,6.891381,2.27415573,High
merkl,arbitrum,SOUSDC-USDC,7.65195,0.0,7.65195,5804505.0,2902252.5,0.9767819799999999,lp_pool,1.0,0.9,2025-09-27 11:56:28.804055,3.870912461474381,5.804505,2.9022525,High
fluid-dex,ethereum,RLP-USDC,7.61809,7.61809,0.0,6773855.0,3386927.5,0.97290458,lp_pool,1.0,0.9,2025-09-27 11:56:28.803969,3.8613575523252117,6.773855,3.3869275,High
morpho-blue,ethereum,STEAKUSDCINFINIFI,7.52826,7.37954,0.14871,6842874.0,2258148.42,0.972628504,other,1.0,0.9,2025-09-27 11:56:28.803961,3.81635973764678,6.842874,2.25814842,High
curve-dex,ethereum,DEUSD-USDC,7.47405,0.07,7.40405,8119454.0,4059727.0,0.967522184,stable_lp,1.0,0.9,2025-09-27 11:56:28.803864,3.798711933608369,8.119454,4.059727,High
convex-finance,ethereum,USDC-USDT,7.55462,0.53,7.02462,2404921.0,1202460.5,0.990380316,lp_pool,1.0,0.9,2025-09-27 11:56:28.804640,3.79556607311223,2.404921,1.2024605,High
morpho-blue,base,BBQUSDC,7.47036,6.76792,0.70244,5755898.0,1899446.34,0.9769764080000001,other,1.0,0.9,2025-09-27 11:56:28.804062,3.7786793862438444,5.755898,1.8994463400000001,High
dsf.finance,ethereum,USDT-USDC-DAI,7.53372,0.0,0.0,1539898.0,769949.0,0.9938404080000001,lp_pool,1.0,0.9,2025-09-27 11:56:28.805001,3.7784969999464466,1.539898,0.769949,High
balancer-v3,base,AAVEUSDC-AAVEGHO,7.25046,5.69284,1.55762,19164614.0,9582307.0,0.923341544,lp_pool,1.0,0.9,2025-09-27 11:56:28.803485,3.769720475605762,19.164614,9.582307,High
morpho-blue,ethereum,GTUSDCRWA,7.3009,6.7832,0.51769,5125926.0,1691555.58,0.979496296,other,1.0,0.9,2025-09-27 11:56:28.804143,3.6882615111496024,5.125926,1.6915555800000002,High
balancer-v3,base,SURGEYUSD-AAVEUSDC,7.29804,7.29804,0.0,1217559.0,608779.5,0.995129764,lp_pool,1.0,0.9,2025-09-27 11:56:28.805177,3.657927485061568,1.217559,0.6087795,High
morpho-blue,base,GTUSDCP,7.13981,6.77618,0.36363,11196133.0,3694723.89,0.955215468,other,1.0,0.9,2025-09-27 11:56:28.803673,3.651674261406774,11.196133,3.69472389,High
gmx-v2-perps,arbitrum,ETH-USDC,7.23861,7.23861,0.0,3360218.0,1680109.0,0.986559128,lp_pool,1.0,0.9,2025-09-27 11:56:28.804407,3.6437928768259646,3.360218,1.680109,High
uniswap-v2,ethereum,USDC-WETH,6.87332,6.87332,0.0,27943551.0,13971775.5,0.888225796,lp_pool,1.0,0.9,2025-09-27 11:56:28.803381,3.6400943227024953,27.943551,13.9717755,High
beefy,base,USDC,7.18553,0.0,0.0,4303700.0,4088515.0,0.9827852,other,1.0,0.9,2025-09-27 11:56:28.804267,3.6239578548397477,4.3037,4.088515,High
morpho-blue,ethereum,GTUSDCCORE,6.42961,6.22308,0.20654,53101230.0,17523405.900000002,0.78759508,other,1.0,0.9,2025-09-27 11:56:28.803247,3.5967932961641402,53.10123,17.523405900000004,High
harvest-finance,ethereum,USDC,7.08,7.08,0.0,1112668.0,1057034.5999999999,0.9955493280000001,other,1.0,0.9,2025-09-27 11:56:28.805268,3.5478952590441803,1.112668,1.0570346,High
aerodrome-v1,base,BOLD-USDC,7.01375,0.0,7.01375,3521339.0,1760669.5,0.985914644,lp_pool,1.0,0.9,2025-09-27 11:56:28.804382,3.531747963685392,3.521339,1.7606695,High
morpho-blue,ethereum,AVGUSDCCORE,6.93793,6.93793,0.0,8821105.0,2910964.65,0.96471558,other,1.0,0.9,2025-09-27 11:56:28.803820,3.5312643064600726,8.821105,2.91096465,High
beefy,ethereum,USDC,6.97791,0.0,0.0,4821333.0,4580266.35,0.9807146680000001,other,1.0,0.9,2025-09-27 11:56:28.804200,3.522925392906718,4.821333,4.58026635,High
euler-v2,ethereum,USDC,6.57328,6.57328,0.0,31861040.0,30267988.0,0.87255584,other,1.0,0.9,2025-09-27 11:56:28.803358,3.5103252248007726,31.86104,30.267988,High
morpho-blue,base,GTUSDCC,6.86564,6.84801,0.01764,8127579.0,2682101.0700000003,0.967489684,other,1.0,0.9,2025-09-27 11:56:28.803858,3.4895430740159346,8.127579,2.6821010700000003,High
convex-finance,ethereum,USDC-WBTC-WETH,6.64642,1.77,4.87642,16767166.0,8383583.0,0.932931336,lp_pool,1.0,0.9,2025-09-27 11:56:28.803534,3.4385184182248674,16.767166,8.383583,High
morpho-blue,ethereum,RESOLVUSDC,6.78364,6.78364,0.0,6212324.0,2050066.9200000002,0.975150704,other,1.0,0.9,2025-09-27 11:56:28.804016,3.4344923586144747,6.212324,2.0500669200000003,High
yearn-finance,ethereum,USDC,6.57802,6.57802,0.0,20826158.0,19784850.099999998,0.9166953680000001,other,1.0,0.9,2025-09-27 11:56:28.803446,3.431959042538887,20.826158,19.784850099999996,High
morpho-blue,base,RE7USDC,6.83422,6.4545,0.37971,1986442.0,655525.86,0.992054232,other,1.0,0.9,2025-09-27 11:56:28.804807,3.430739931783142,1.986442,0.65552586,High
uniswap-v3,ethereum,LINEA-USDC,6.7731,6.7731,0.0,1483807.0,741903.5,0.994064772,lp_pool,1.0,0.9,2025-09-27 11:56:28.805026,3.3966298864037103,1.483807,0.7419035,High
curve-dex,arbitrum,SUSDAI-USDC,6.61,6.61,0.0,9914483.0,4957241.5,0.960342068,stable_lp,1.0,0.9,2025-09-27 11:56:28.803755,3.3718605073571273,9.914483,4.9572415,High
uniswap-v3,ethereum,USDC-USDF,6.39902,6.39902,0.0,20019285.0,10009642.5,0.91992286,lp_pool,1.0,0.9,2025-09-27 11:56:28.803464,3.3329568251507773,20.019285,10.0096425,High
beefy,base,BOLD-USDC,6.56079,0.0,0.0,2884069.0,1442034.5,0.988463724,lp_pool,1.0,0.9,2025-09-27 11:56:28.804519,3.299426547647695,2.884069,1.4420345,High
pendle,arbitrum,GUSDC,6.53592,5.74691,0.78901,3273578.0,1080280.74,0.986905688,other,1.0,0.9,2025-09-27 11:56:28.804428,3.2894968490321217,3.273578,1.08028074,High
morpho-blue,ethereum,DFORCEUSDC,6.50363,6.30099,0.20264,1665096.0,549481.68,0.993339616,other,1.0,0.9,2025-09-27 11:56:28.804927,3.2626803520068104,1.665096,0.5494816800000001,High
beefy,ethereum,USDC-WBTC-ETH,6.36859,0.0,0.0,3492639.0,1746319.5,0.9860294439999999,lp_pool,1.0,0.9,2025-09-27 11:56:28.804387,3.206694653616626,3.492639,1.7463195,High
aave-v3,base,USDC,5.64183,5.64183,0.0,59222039.0,56260937.05,0.763111844,lending,1.0,0.9,2025-09-27 11:56:28.803195,3.1999274573530685,59.222039,56.260937049999995,High
uniswap-v3,ethereum,PROMPT-USDC,6.32062,6.32062,0.0,1620990.0,810495.0,0.99351604,lp_pool,1.0,0.9,2025-09-27 11:56:28.804953,3.170588986081095,1.62099,0.810495,High
euler-v2,ethereum,USDC,6.19703,6.19703,0.0,10277961.0,9764062.95,0.958888156,other,1.0,0.9,2025-09-27 11:56:28.803727,3.163544575538288,10.277961,9.76406295,High
balancer-v3,arbitrum,AAVEGHO-USDT-USDC,6.17535,4.39489,1.78046,10668909.0,5334454.5,0.957324364,lp_pool,1.0,0.9,2025-09-27 11:56:28.803703,3.154995724561471,10.668909,5.3344545,High
uniswap-v3,ethereum,SHFL-USDC,5.98138,5.98138,0.0,7782652.0,3891326.0,0.968869392,lp_pool,1.0,0.9,2025-09-27 11:56:28.803890,3.0379770361121037,7.782652,3.891326,High
euler-v2,arbitrum,USDC,5.95456,5.95456,0.0,7413727.0,7043040.649999999,0.9703450920000001,other,1.0,0.9,2025-09-27 11:56:28.803918,3.0220898989607043,7.413727,7.043040649999999,High
merkl,arbitrum,USDC-BBQUSDC,5.98912,0.0,5.98912,3598799.0,1799399.5,0.9856048040000001,lp_pool,1.0,0.9,2025-09-27 11:56:28.804372,3.016269898186648,3.598799,1.7993995,High
morpho-blue,ethereum,GTUSDC,4.78739,4.2697,0.51769,129119454.0,42609419.82,0.6,other,1.0,0.9,2025-09-27 11:56:28.803090,2.99211875,129.119454,42.60941982,High
morpho-blue,ethereum,HUSDC,5.46434,5.46434,0.0,43023365.0,14197710.450000001,0.82790654,other,1.0,0.9,2025-09-27 11:56:28.803282,2.989397915278535,43.023365,14.19771045,High
gmx-v2-perps,arbitrum,WBTC.B-USDC,4.94059,4.94059,0.0,86499426.0,43249713.0,0.654002296,lp_pool,1.0,0.9,2025-09-27 11:56:28.803140,2.987051476257443,86.499426,43.249713,High
morpho-blue,ethereum,STEAKUSDC,4.7787,4.26101,0.51769,440401650.0,145332544.5,0.6,other,1.0,0.9,2025-09-27 11:56:28.803021,2.9866874999999995,440.40165,145.3325445,High
termmax,ethereum,USDC,5.87025,5.87025,0.0,4623751.0,4392563.45,0.981504996,other,1.0,0.9,2025-09-27 11:56:28.804224,2.9625209181153136,4.623751,4.39256345,High
yearn-finance,ethereum,USDC,5.80921,5.80921,0.0,7421010.0,7049959.5,0.97031596,other,1.0,0.9,2025-09-27 11:56:28.803914,2.948364687661567,7.42101,7.0499595,High
morpho-blue,ethereum,USDC,5.85292,5.85292,0.0,2670048.0,2536545.6,0.9893198080000001,other,1.0,0.9,2025-09-27 11:56:28.804577,2.9421714781417387,2.670048,2.5365456,High
curve-dex,ethereum,FRAX-USDC,5.6679,1.06,4.6079,12226244.0,6113122.0,0.951095024,stable_lp,1.0,0.9,2025-09-27 11:56:28.803644,2.9049840885658473,12.226244,6.113122,High
vesper,ethereum,USDC,5.73,5.73,0.0,2418778.0,2297839.1,0.990324888,other,1.0,0.9,2025-09-27 11:56:28.804635,2.8789269704394114,2.418778,2.2978391,High
gmx-v2-perps,arbitrum,ETH-USDC,5.59739,5.59739,0.0,5982655.0,2991327.5,0.97606938,lp_pool,1.0,0.9,2025-09-27 11:56:28.804041,2.832587791021791,5.982655,2.9913275,High
morpho-blue,ethereum,SAFE-BBQUSDC,5.42825,5.42825,0.0,8967267.0,4483633.5,0.964130932,lp_pool,1.0,0.9,2025-09-27 11:56:28.803803,2.7636905012603306,8.967267,4.4836335,High
merkl,base,EXBASEUSDC-USDC,5.5036,0.0,5.5036,1144413.0,572206.5,0.995422348,lp_pool,1.0,0.9,2025-09-27 11:56:28.805247,2.7581128403799955,1.144413,0.5722065,High
morpho-blue,ethereum,SBMORPHOUSDC,5.34094,5.0771,0.26384,10067422.0,3322249.2600000002,0.959730312,other,1.0,0.9,2025-09-27 11:56:28.803736,2.7253443840184883,10.067422,3.3222492600000004,High
euler-v2,arbitrum,USDC,5.28717,5.28717,0.0,2168367.0,2059948.65,0.991326532,other,1.0,0.9,2025-09-27 11:56:28.804731,2.6550994601020057,2.168367,2.05994865,High
morpho-blue,ethereum,VBSHUSDC,4.59571,4.25903,0.33668,66634481.0,21989378.73,0.7334620759999999,other,1.0,0.9,2025-09-27 11:56:28.803175,2.6511742388992423,66.634481,21.989378730000002,High
yearn-finance,ethereum,USDC,5.2609,5.2609,0.0,1405085.0,1334830.75,0.99437966,other,1.0,0.9,2025-09-27 11:56:28.805063,2.6378628430255855,1.405085,1.33483075,High
termmax,ethereum,USDC,5.17601,5.17601,0.0,2715933.0,2580136.35,0.989136268,other,1.0,0.9,2025-09-27 11:56:28.804563,2.6021394729302676,2.715933,2.58013635,High
sprinter,base,USDC,5.11922,0.0,0.0,1161483.0,1103408.8499999999,0.9953540679999999,other,1.0,0.9,2025-09-27 11:56:28.805226,2.5655697312563377,1.161483,1.1034088499999999,High
curve-dex,ethereum,EUSD-USDC,4.9829,0.38,4.6029,9028525.0,4514262.5,0.9638859,stable_lp,1.0,0.9,2025-09-27 11:56:28.803796,2.537265530548389,9.028525,4.5142625,High
fluid-lending,ethereum,USDC,5.03,5.03,0.0,2110783.0,2005243.8499999999,0.991556868,other,1.0,0.9,2025-09-27 11:56:28.804752,2.525662249881584,2.110783,2.00524385,High
aerodrome-v1,base,EUSD-USDC,4.96324,0.0,4.96324,1641004.0,820502.0,0.993435984,lp_pool,1.0,0.9,2025-09-27 11:56:28.804946,2.48979151567277,1.641004,0.820502,High
abracadabra-spell,arbitrum,WBTC.B-USDC,4.94062,4.94062,0.0,3528689.0,1764344.5,0.985885244,lp_pool,1.0,0.9,2025-09-27 11:56:28.804379,2.487867823645504,3.528689,1.7643445,High
curve-dex,ethereum,USDC-WBTC-WETH,4.7443,1.77,2.9743,18964263.0,9482131.5,0.924142948,stable_lp,1.0,0.9,2025-09-27 11:56:28.803492,2.465669198294928,18.964263,9.4821315,High
euler-v2,ethereum,USDC,4.89691,4.89691,0.0,2334600.0,2217870.0,0.9906615999999999,other,1.0,0.9,2025-09-27 11:56:28.804663,2.459940956313218,2.3346,2.21787,High
aave-v3,arbitrum,USDC,4.36193,4.36193,0.0,53286637.0,50622305.15,0.786853452,lending,1.0,0.9,2025-09-27 11:56:28.803244,2.441123526452465,53.286637,50.622305149999995,High
aave-v3,ethereum,USDC,3.87345,3.87345,0.0,1265423872.0,1202152678.3999999,0.6,lending,1.0,0.9,2025-09-27 11:56:28.802995,2.42090625,1265.423872,1202.1526783999998,High
morpho-blue,ethereum,SPARKUSDCBC,4.73726,4.26219,0.47507,10020258.0,3306685.14,0.959918968,other,1.0,0.9,2025-09-27 11:56:28.803743,2.4170693163065504,10.020258,3.30668514,High
gmx-v2-perps,arbitrum,UNI-USDC,4.79598,4.79598,0.0,1112949.0,556474.5,0.995548204,lp_pool,1.0,0.9,2025-09-27 11:56:28.805265,2.4033395887839952,1.112949,0.5564745,High
curve-dex,ethereum,USDC-USDT,4.74563,0.53,4.21563,3856821.0,1928410.5,0.984572716,stable_lp,1.0,0.9,2025-09-27 11:56:28.804332,2.391260326084217,3.856821,1.9284105,High
balancer-v3,ethereum,AAVEGHO-USDT-USDC,4.46997,3.36127,1.10871,22575994.0,11287997.0,0.909696024,lp_pool,1.0,0.9,2025-09-27 11:56:28.803429,2.340670946487764,22.575994,11.287997,High
uniswap-v3,ethereum,USDC-USDT,4.43763,4.43763,0.0,20779178.0,10389589.0,0.916883288,lp_pool,1.0,0.9,2025-09-27 11:56:28.803448,2.315023573829603,20.779178,10.389589,High
gmx-v2-perps,arbitrum,WBTC.B-USDC,4.61188,4.61188,0.0,1205913.0,602956.5,0.995176348,lp_pool,1.0,0.9,2025-09-27 11:56:28.805192,2.3115149719086387,1.205913,0.6029565,High
across,ethereum,USDC,4.57391,2.10906,2.46485,5081121.0,4827064.95,0.979675516,other,1.0,0.9,2025-09-27 11:56:28.804154,2.310434191377856,5.081121,4.8270649500000005,High
morpho-blue,ethereum,GTMSUSDC,4.54212,4.54212,0.0,5938571.0,1959728.4300000002,0.976245716,other,1.0,0.9,2025-09-27 11:56:28.804045,2.298357923423324,5.938571,1.9597284300000002,High
fluid-dex,arbitrum,SUSDAI-USDC,4.45108,4.45108,0.0,2306417.0,1153208.5,0.990774332,lp_pool,1.0,0.9,2025-09-27 11:56:28.804683,2.2358536216047615,2.306417,1.1532085,High
morpho-blue,ethereum,SAFE-STEAKUSDC,4.37277,4.28342,0.08935,3161001.0,1580500.5,0.987355996,lp_pool,1.0,0.9,2025-09-27 11:56:28.804453,2.200295271104513,3.161001,1.5805005,High
merkl,arbitrum,GTUSDCC-USDC,4.03719,0.0,4.03719,39842566.0,19921283.0,0.840629736,lp_pool,1.0,0.9,2025-09-27 11:56:28.803316,2.1933743224063615,39.842566,19.921283,High
morpho-blue,ethereum,CSUSDC,4.33566,4.24219,0.09347,5426616.0,1790783.28,0.978293536,other,1.0,0.9,2025-09-27 11:56:28.804102,2.1916161181856078,5.426616,1.79078328,High
gains-network,arbitrum,USDC,4.27414,4.27414,0.0,12226447.0,11615124.65,0.951094212,other,1.0,0.9,2025-09-27 11:56:28.803641,2.19063742473959,12.226447,11.61512465,High
curve-dex,ethereum,USDC-CRVUSD,4.18426,0.98,3.20426,16898433.0,8449216.5,0.932406268,stable_lp,1.0,0.9,2025-09-27 11:56:28.803527,2.1653107161211094,16.898433,8.4492165,High
uniswap-v3,ethereum,XAI-USDC,4.1777,4.1777,0.0,1124799.0,562399.5,0.995500804,lp_pool,1.0,0.9,2025-09-27 11:56:28.805258,2.0935596676412063,1.124799,0.5623995,High
compound-v3,arbitrum,USDC,4.13805,3.18486,0.95319,3643857.0,3461664.15,0.985424572,lending,1.0,0.9,2025-09-27 11:56:28.804361,2.0842141566886982,3.643857,3.46166415,High
merkl,base,UUSDC-USDC,4.13833,0.0,4.13833,1556687.0,778343.5,0.993773252,lp_pool,1.0,0.9,2025-09-27 11:56:28.804995,2.0756272037699097,1.556687,0.7783435,High
beefy,arbitrum,USDC,4.07447,0.0,0.0,1655734.0,1572947.2999999998,0.9933770639999999,other,1.0,0.9,2025-09-27 11:56:28.804938,2.0440036526877585,1.655734,1.5729472999999998,High
merkl,ethereum,USDC-OEVUSDC,3.96237,0.0,3.96237,12750572.0,6375286.0,0.9489977119999999,lp_pool,1.0,0.9,2025-09-27 11:56:28.803621,2.033029580077824,12.750572,6.375286,High
compound-v3,base,USDC,4.01554,2.97399,1.04155,3268605.0,3105174.75,0.9869255800000001,lending,1.0,0.9,2025-09-27 11:56:28.804434,2.020981581001136,3.268605,3.10517475,High
beefy,base,USDC,3.94446,0.0,0.0,1788712.0,1699276.4,0.992845152,other,1.0,0.9,2025-09-27 11:56:28.804887,1.9793108340813024,1.788712,1.6992763999999998,High
curve-dex,ethereum,CUSDO-USDC,3.75,3.75,0.0,22838598.0,11419299.0,0.908645608,stable_lp,1.0,0.9,2025-09-27 11:56:28.803425,1.9647439966235993,22.838598,11.419299,High
merkl,ethereum,USDC-USDC,3.87927,0.0,3.87927,4973098.0,2486549.0,0.980107608,lp_pool,1.0,0.9,2025-09-27 11:56:28.804176,1.959120799459097,4.973098,2.486549,High
compound-v3,ethereum,USDC,3.43388,3.23679,0.1971,53963087.0,51264932.65,0.784147652,lending,1.0,0.9,2025-09-27 11:56:28.803241,1.9246613340273027,53.963087,51.26493265,High
morpho-blue,ethereum,GTEUSDC,3.73552,3.73552,0.0,7862375.0,2594583.75,0.9685505,other,1.0,0.9,2025-09-27 11:56:28.803882,1.8975992741867684,7.862375,2.59458375,High
gmx-v2-perps,arbitrum,WBTC.B-USDC,3.74091,3.74091,0.0,1242277.0,621138.5,0.995030892,lp_pool,1.0,0.9,2025-09-27 11:56:28.805165,1.8751138215457768,1.242277,0.6211385,High
merkl,ethereum,USDC,3.64152,0.0,3.64152,4859709.0,4616723.55,0.980561164,other,1.0,0.9,2025-09-27 11:56:28.804192,1.838630417575935,4.859709,4.61672355,High
merkl,arbitrum,FGHO-FUSDT-FUSDC-USDC,2.99195,0.0,2.99195,89070553.0,44535276.5,0.643717788,lp_pool,1.0,0.9,2025-09-27 11:56:28.803135,1.8202333891150906,89.070553,44.5352765,High
uniswap-v3,ethereum,RLB-USDC,3.62333,3.62333,0.0,1893868.0,946934.0,0.992424528,lp_pool,1.0,0.9,2025-09-27 11:56:28.804840,1.8185531994213637,1.893868,0.946934,High
merkl,ethereum,USDC-VARIABLEDEBTHORRWAUSDC,3.5,0.0,3.5,16032413.0,8016206.5,0.935870348,lp_pool,1.0,0.9,2025-09-27 11:56:28.803546,1.807972317782513,16.032413,8.0162065,High
wasabi,ethereum,USDC,3.57008,3.57008,0.0,2224251.0,2113038.4499999997,0.991102996,other,1.0,0.9,2025-09-27 11:56:28.804715,1.793016236313272,2.224251,2.11303845,High
merkl,arbitrum,HYPERUSDC-USDC,3.31663,0.0,3.31663,29561718.0,14780859.0,0.8817531279999999,lp_pool,1.0,0.9,2025-09-27 11:56:28.803373,1.7625213162393107,29.561718,14.780859,High
uniswap-v3,base,AIXBT-USDC,3.45589,3.45589,0.0,2767594.0,1383797.0,0.9889296240000001,lp_pool,1.0,0.9,2025-09-27 11:56:28.804544,1.7375627364078117,2.767594,1.383797,High
uniswap-v3,ethereum,DAI-USDC,3.01182,3.01182,0.0,57757087.0,28878543.5,0.7689716520000001,lp_pool,1.0,0.9,2025-09-27 11:56:28.803228,1.7025823995510811,57.757087,28.8785435,High
merkl,arbitrum,USDC,3.21312,0.0,3.21312,20734898.0,19698153.099999998,0.917060408,other,1.0,0.9,2025-09-27 11:56:28.803451,1.6760661200823255,20.734898,19.6981531,High
merkl,arbitrum,MCUSDC-USDC,3.05601,0.0,3.05601,40607361.0,20303680.5,0.837570556,lp_pool,1.0,0.9,2025-09-27 11:56:28.803298,1.6630708355777553,40.607361,20.3036805,High
camelot-v3,arbitrum,GRAIL-USDC,3.26882,3.26882,0.0,1166588.0,583294.0,0.995333648,lp_pool,1.0,0.9,2025-09-27 11:56:28.805222,1.6382322842480326,1.166588,0.583294,High
fluid-dex,ethereum,USD0-USDC,3.20819,3.20819,0.0,3085080.0,1542540.0,0.9876596799999999,lp_pool,1.0,0.9,2025-09-27 11:56:28.804465,1.6140539712512558,3.08508,1.54254,High
merkl,arbitrum,CSUSDC-USDC,3.21113,0.0,3.21113,1302293.0,651146.5,0.994790828,lp_pool,1.0,0.9,2025-09-27 11:56:28.805137,1.6097577525055673,1.302293,0.6511465,High
uniswap-v3,ethereum,FRAX-USDC,3.15178,3.15178,0.0,1679478.0,839739.0,0.993282088,lp_pool,1.0,0.9,2025-09-27 11:56:28.804913,1.5812011852082624,1.679478,0.839739,High
uniswap-v3,ethereum,G-USDC,3.13972,3.13972,0.0,1577020.0,788510.0,0.9936919200000001,lp_pool,1.0,0.9,2025-09-27 11:56:28.804971,1.57482706756418,1.57702,0.78851,High
uniswap-v3,ethereum,USDC-USDT,3.08758,3.08758,0.0,1100126.0,550063.0,0.995599496,lp_pool,1.0,0.9,2025-09-27 11:56:28.805279,1.5471942171707183,1.100126,0.550063,High
silo-v2,ethereum,USDC,2.93946,2.93946,0.0,1676229.0,1592417.5499999998,0.993295084,other,1.0,0.9,2025-09-27 11:56:28.804919,1.4746737819175797,1.676229,1.5924175499999997,High
merkl,base,STEAKUSDC-USDC,2.58293,0.0,2.58293,57831351.0,28915675.5,0.768674596,lp_pool,1.0,0.9,2025-09-27 11:56:28.803225,1.4603760385553706,57.831351,28.9156755,High
merkl,ethereum,USDC-HYUSDC,2.87791,0.0,2.87791,4431075.0,2215537.5,0.9822757,lp_pool,1.0,0.9,2025-09-27 11:56:28.804249,1.451821257759453,4.431075,2.2155375,High
merkl,ethereum,SPC-USDC,2.84697,0.0,2.84697,7258065.0,3629032.5,0.9709677400000001,lp_pool,1.0,0.9,2025-09-27 11:56:28.803927,1.4444528655755673,7.258065,3.6290325,High
uniswap-v3,base,USDC-LGCT,2.8668,2.8668,0.0,1429173.0,714586.5,0.994283308,lp_pool,1.0,0.9,2025-09-27 11:56:28.805055,1.437508897808014,1.429173,0.7145865,High
uniswap-v3,ethereum,USDC-CBBTC,2.82655,2.82655,0.0,2377780.0,1188890.0,0.99048888,lp_pool,1.0,0.9,2025-09-27 11:56:28.804649,1.4200280284911715,2.37778,1.18889,High
morpho-blue,ethereum,CRONOSUSDC,2.77111,2.25342,0.51769,10316735.0,3404522.5500000003,0.95873306,other,1.0,0.9,2025-09-27 11:56:28.803720,1.4147461216588646,10.316735,3.4045225500000003,High
aerodrome-slipstream,base,USDC-EUSD,2.80172,0.83488,1.96684,1369128.0,684564.0,0.994523488,lp_pool,1.0,0.9,2025-09-27 11:56:28.805087,1.4047064458535974,1.369128,0.684564,High
merkl,base,HYCSUSDC-USDC,2.7125,0.0,2.7125,3306445.0,1653222.5,0.98677422,lp_pool,1.0,0.9,2025-09-27 11:56:28.804422,1.3652784361174164,3.306445,1.6532225,High
curve-dex,ethereum,USDC-LVLUSD,2.7,2.7,0.0,3605601.0,1802800.5,0.985577596,stable_lp,1.0,0.9,2025-09-27 11:56:28.804369,1.3598058345537458,3.605601,1.8028005,High
silo-v2,ethereum,USDC,2.64228,2.64228,0.0,1004797.0,954557.1499999999,0.995980812,other,1.0,0.9,2025-09-27 11:56:28.805394,1.3238003011423738,1.004797,0.9545571499999999,High
uniswap-v3,ethereum,USDC-SPK,2.62981,2.62981,0.0,1233026.0,616513.0,0.995067896,lp_pool,1.0,0.9,2025-09-27 11:56:28.805171,1.3181556403532042,1.233026,0.616513,High
curve-dex,ethereum,RUSDY-USDC,2.58,2.58,0.0,7472261.0,3736130.5,0.9701109560000001,stable_lp,1.0,0.9,2025-09-27 11:56:28.803911,1.3095709112943992,7.472261,3.7361305,High
merkl,arbitrum,USDC-GTUSDCP,2.47832,0.0,2.47832,15523953.0,7761976.5,0.937904188,lp_pool,1.0,0.9,2025-09-27 11:56:28.803556,1.2788661149227054,15.523953,7.7619765,High
gearbox,ethereum,USDC,2.45256,2.45256,0.0,1840558.0,1748530.0999999999,0.992637768,other,1.0,0.9,2025-09-27 11:56:28.804861,1.230810757171195,1.840558,1.7485300999999998,High
merkl,arbitrum,USDC,1.96017,0.0,1.96017,131697092.0,125112237.39999999,0.6,other,1.0,0.9,2025-09-27 11:56:28.803082,1.2251062499999998,131.697092,125.1122374,High
curve-dex,ethereum,OUSD-USDC,2.3357,0.04,2.2957,4922274.0,2461137.0,0.980310904,stable_lp,1.0,0.9,2025-09-27 11:56:28.804183,1.1794612630179206,4.922274,2.461137,High
camelot-v3,arbitrum,USDC-USDC,2.24572,2.24572,0.0,1174477.0,587238.5,0.995302092,lp_pool,1.0,0.9,2025-09-27 11:56:28.805213,1.1255037565509654,1.174477,0.5872385,High
gammaswap,arbitrum,WETH-USDC,2.14556,2.14556,0.0,5302067.0,2651033.5,0.978791732,lp_pool,1.0,0.9,2025-09-27 11:56:28.804118,1.0842778273747105,5.302067,2.6510335,High
fluid-dex,arbitrum,USDC-USD0,2.05133,2.05133,0.0,20380977.0,10190488.5,0.918476092,lp_pool,1.0,0.9,2025-09-27 11:56:28.803457,1.0692497073870233,20.380977,10.1904885,High
silo-v2,ethereum,USDC,2.10537,2.10537,0.0,1088582.0,1034152.8999999999,0.995645672,other,1.0,0.9,2025-09-27 11:56:28.805306,1.0549818685448487,1.088582,1.0341528999999998,High
fluid-dex,ethereum,GHO-USDC,1.84411,1.84411,0.0,56854346.0,28427173.0,0.772582616,lp_pool,1.0,0.9,2025-09-27 11:56:28.803235,1.0403520734968101,56.854346,28.427173,High
merkl,ethereum,USDC,1.94206,0.0,1.94206,4556183.0,4328373.85,0.981775268,other,1.0,0.9,2025-09-27 11:56:28.804230,0.979959751924808,4.556183,4.328373849999999,High
aura,ethereum,USDC-STG,1.90908,1.90908,0.0,5763486.0,2881743.0,0.9769460560000001,lp_pool,1.0,0.9,2025-09-27 11:56:28.804059,0.9656712656402396,5.763486,2.881743,High
aerodrome-slipstream,base,USDC-GHST,1.90363,1.90363,0.0,1748822.0,874411.0,0.9930047120000001,lp_pool,1.0,0.9,2025-09-27 11:56:28.804896,0.9551557949352203,1.748822,0.874411,High
compound-v2,ethereum,USDC,1.84042,1.84042,0.0,13606438.0,12926116.1,0.945574248,lending,1.0,0.9,2025-09-27 11:56:28.803595,0.9459520765614081,13.606438,12.9261161,High
balancer-v2,ethereum,USDC-STG,1.82927,1.25749,0.57178,5851402.0,2925701.0,0.976594392,lp_pool,1.0,0.9,2025-09-27 11:56:28.804051,0.9254655418449654,5.851402,2.925701,High
curve-dex,ethereum,USDL-USDC,1.71,1.71,0.0,9913826.0,4956913.0,0.9603446959999999,stable_lp,1.0,0.9,2025-09-27 11:56:28.803757,0.8722955730638506,9.913826,4.956913,High
camelot-v3,arbitrum,USDC-USDT,1.68302,1.68302,0.0,1678851.0,839425.5,0.9932845960000001,lp_pool,1.0,0.9,2025-09-27 11:56:28.804916,0.8443450590936087,1.678851,0.8394255,High
merkl,arbitrum,USDC,1.33847,0.0,1.33847,99552387.0,94574767.64999999,0.6017904519999999,other,1.0,0.9,2025-09-27 11:56:28.803127,0.8356086767334533,99.552387,94.57476764999998,High
fluid-dex,ethereum,WSTUSR-USDC,1.51552,1.51552,0.0,32568205.0,16284102.5,0.8697271799999999,lp_pool,1.0,0.9,2025-09-27 11:56:28.803354,0.8105567572697959,32.568205,16.2841025,High
merkl,base,COUSDC,1.57428,0.0,1.57428,4795652.0,1582565.1600000001,0.9808173920000001,other,1.0,0.9,2025-09-27 11:56:28.804209,0.7947628117352474,4.795652,1.5825651600000001,High
fluid-dex,arbitrum,SYRUPUSDC-USDC,1.53235,1.53235,0.0,12372018.0,6186009.0,0.9505119280000001,lp_pool,1.0,0.9,2025-09-27 11:56:28.803635,0.7856142677226428,12.372018,6.186009,High
pancakeswap-amm-v3,ethereum,USDC-WETH,1.51903,1.51903,0.0,1002775.0,501387.5,0.9959889,lp_pool,1.0,0.9,2025-09-27 11:56:28.805404,0.7610413063920346,1.002775,0.5013875,High
merkl,arbitrum,USDC,1.21341,0.0,1.21341,109811969.0,104321370.55,0.6,other,1.0,0.9,2025-09-27 11:56:28.803104,0.75838125,109.811969,104.32137055,High
fluid-dex,arbitrum,USDAI-USDC,1.44427,1.44427,0.0,18459748.0,9229874.0,0.926161008,lp_pool,1.0,0.9,2025-09-27 11:56:28.803496,0.7498178989199017,18.459748,9.229874,High
balancer-v3,ethereum,AUSDC-USP,1.47594,1.47594,0.0,1059995.0,529997.5,0.9957600200000001,lp_pool,1.0,0.9,2025-09-27 11:56:28.805334,0.7395378127676894,1.059995,0.5299975,High
uniswap-v3,ethereum,USDC-XUSD,1.45868,1.45868,0.0,1014002.0,507001.0,0.995943992,lp_pool,1.0,0.9,2025-09-27 11:56:28.805382,0.7308221101626984,1.014002,0.507001,High
convex-finance,ethereum,USDC-FXUSD,1.3277,1.27,0.0577,17872021.0,8936010.5,0.9285119159999999,lp_pool,1.0,0.9,2025-09-27 11:56:28.803511,0.6884582817376795,17.872021,8.9360105,High
curve-dex,ethereum,USDC-FXUSD,1.30833,1.27,0.03833,17872236.0,8936118.0,0.9285110560000001,stable_lp,1.0,0.9,2025-09-27 11:56:28.803508,0.6784145706240639,17.872236,8.936118,High
merkl,base,USDC-MWUSDC,1.18217,0.0,1.18217,59077713.0,29538856.5,0.763689148,lp_pool,1.0,0.9,2025-09-27 11:56:28.803205,0.6702825162475853,59.077713,29.5388565,High
merkl,base,SMUSDC-USDC,1.14173,0.0,1.14173,58006822.0,29003411.0,0.767972712,lp_pool,1.0,0.9,2025-09-27 11:56:28.803222,0.6457848541725683,58.006822,29.003411,High
uniswap-v3,ethereum,USDC-MUSD,1.2551,1.2551,0.0,1386519.0,693259.5,0.994453924,lp_pool,1.0,0.9,2025-09-27 11:56:28.805075,0.6292950591121302,1.386519,0.6932595,High
merkl,base,EXMUSDC-USDC,1.2196,0.0,1.2196,6890933.0,3445466.5,0.972436268,lp_pool,1.0,0.9,2025-09-27 11:56:28.803958,0.6183216257915615,6.890933,3.4454665,High
aave-v2,ethereum,USDC,1.12844,1.12844,0.0,16773904.0,15935208.799999999,0.932904384,lending,1.0,0.9,2025-09-27 11:56:28.803531,0.5838053911724173,16.773904,15.935208799999998,High
curve-dex,ethereum,USD0-USDC,1.04,1.04,0.0,9382683.0,4691341.5,0.962469268,stable_lp,1.0,0.9,2025-09-27 11:56:28.803772,0.5299446044624634,9.382683,4.6913415,High
curve-dex,ethereum,ADAI-AUSDC-AUSDT,1.0,1.0,0.0,10698750.0,5349375.0,0.957205,stable_lp,1.0,0.9,2025-09-27 11:56:28.803700,0.5109326820644746,10.69875,5.349375,High
uniswap-v3,ethereum,USDC-EIGEN,1.00561,1.00561,0.0,4493684.0,2246842.0,0.982025264,lp_pool,1.0,0.9,2025-09-27 11:56:28.804241,0.5073648748404651,4.493684,2.246842,High
